DimAirport[AirportCode]	DimAirport[City]	[Flights]	[On-Time %]	[Cancellation Rate]	[On-Time vs Florida (pts)]
MCO	Orlando, FL	160601	0.7446361199679882	0.017011102047932453	-1.0268173177253481
MIA	Miami, FL	111186	0.737457580482436	0.015793355278542264	-1.744671266280562
FLL	Fort Lauderdale, FL	90381	0.7081334273175834	0.023555835850455294	-4.6770865827658215
TPA	Tampa, FL	76797	0.7834385611205433	0.0156516530593643	2.8534267975301675
RSW	Fort Myers, FL	34831	0.781940977829981	0.01886250753639	2.70366846847393
PBI	West Palm Beach/Palm Beach, FL	31406	0.7508770779369816	0.02540915748583073	-0.4027215208260104
JAX	Jacksonville, FL	29091	0.7994734994734994	0.018321817744319548	4.456920632825778
SRQ	Sarasota/Bradenton, FL	17427	0.80467514207042	0.017099902450220923	4.977084892517835
PNS	Pensacola, FL	13941	0.7991923641703378	0.02029983501900868	4.428807102509613
VPS	Valparaiso, FL	10982	0.789029144236124	0.015570934256055362	3.412485109088237
SFB	Sanford, FL	10115	0.7016668330172672	0.006524962926347009	-5.323746012797448
ECP	Panama City, FL	9679	0.8034151997470222	0.016943899163136687	4.851090660178059
PIE	St. Petersburg, FL	9050	0.7708100870341441	0.006298342541436464	1.5905793888902453
EYW	Key West, FL	8348	0.7699147832530567	0.02024436990896023	1.5010490107815078
PGD	Punta Gorda, FL	7374	0.7916666666666666	0.006373745592622729	3.6762373521424974
TLH	Tallahassee, FL	4644	0.8241006400353122	0.02153316106804479	6.91963468900706
DAB	Daytona Beach, FL	3346	0.8400859422958871	0.025702331141661684	8.518164915064542
MLB	Melbourne, FL	2890	0.8437610463061153	0.020069204152249134	8.88567531608736
GNV	Gainesville, FL	2741	0.8721275018532246	0.014228383801532287	11.722320870798297
VRB	Vero Beach, FL	629	0.7142857142857143	0.04133545310015898	-4.061857885952735